hari_ke,jenis_lapak,level_pemain,harga_jual,budget_npc,panjang_antrean,rating_pasar,keputusan
1,1,1,6500,20633,0,0.50,Beli
1,1,1,6500,15099,0,0.00,Beli
1,1,1,6500,13124,0,2.50,Beli
1,1,1,6500,14460,0,1.67,Beli
1,1,1,6500,21583,0,2.00,Beli
1,1,1,6500,24398,0,2.50,Beli
1,1,1,6500,18093,0,2.50,Beli
1,1,1,6500,20776,0,2.50,Beli
1,1,1,6500,17310,1,2.50,Beli
1,1,2,6500,11855,0,2.50,Beli
1,1,2,6500,12970,1,2.50,Beli
2,1,2,6500,17947,0,2.75,Beli
2,1,2,6500,18226,1,2.75,Beli
2,1,2,6500,18316,1,2.75,Beli
2,1,2,6500,24557,1,2.75,Beli
2,1,2,6500,24230,1,2.75,Beli
2,1,2,6500,15294,1,2.86,Beli
2,1,2,6500,20593,2,2.73,Beli
2,1,2,6500,11701,2,2.83,Beli
2,1,2,6500,14640,2,2.92,Beli
2,1,2,6500,11728,2,3.00,Beli
2,1,2,6500,19272,3,3.00,Beli
2,1,2,6500,13854,3,3.08,Beli
2,1,2,6500,20068,4,2.96,Beli
2,1,2,6500,23390,3,3.10,Beli
2,1,2,6500,22823,3,3.17,Beli
2,1,2,6500,15654,4,3.17,Beli
2,1,2,6500,21203,4,3.23,Beli
2,1,2,6500,18686,4,3.09,Beli
2,1,2,6500,13607,4,3.09,Beli
2,1,2,6500,12701,5,3.14,Beli
2,1,2,6500,16982,5,3.19,Beli
2,1,3,6500,10202,5,3.11,Beli
2,1,3,6500,18954,6,3.16,Beli
3,1,3,6500,19262,0,3.54,Beli
3,1,3,5000,21779,0,3.54,Beli
3,1,3,6500,13910,1,3.54,Beli
3,1,3,6500,21689,1,3.54,Beli
3,1,3,6500,20846,1,3.54,Beli
3,1,3,5000,10063,0,3.54,Beli
3,1,3,5000,7410,1,3.54,Beli
3,1,3,6500,17673,1,3.54,Beli
3,1,3,5000,19972,1,3.54,Beli
3,1,3,5000,15189,2,3.57,Beli
3,1,3,6500,19262,2,3.57,Beli
3,1,3,6500,19839,2,3.60,Beli
3,1,3,5000,14346,2,3.60,Beli
3,1,3,6500,17752,3,3.60,Beli
3,1,3,6500,19695,3,3.60,Beli
3,1,3,6500,22960,4,3.63,Beli
3,1,3,6500,18788,3,3.65,Beli
3,1,3,5000,13339,0,3.68,Beli
3,1,3,5000,23757,1,3.70,Beli
3,1,3,5000,24658,1,3.73,Beli
3,1,3,6500,18717,1,3.71,Beli
3,1,3,5000,16460,1,3.71,Beli
3,1,3,6500,23252,2,3.71,Beli
3,1,3,6500,24405,2,3.75,Beli
3,1,3,6500,16069,3,3.75,Beli
3,1,3,6500,20148,3,3.67,Beli
3,1,3,6500,16859,3,3.64,Beli
3,1,3,6500,14438,4,3.64,Beli
3,1,3,6500,12307,4,3.68,Beli
3,1,3,5000,17905,0,3.68,Beli
3,1,3,6500,17815,5,3.68,Beli
3,1,3,6500,15434,5,3.64,Beli
3,1,3,5000,18837,0,3.61,Beli
3,1,4,5000,7938,0,3.65,Beli
4,1,4,7500,22914,0,3.77,Beli
4,1,4,7500,14733,1,3.77,Beli
4,1,4,7500,23321,1,3.77,Beli
4,1,4,7500,18243,2,3.77,Beli
4,1,4,7500,20170,0,3.77,Beli
4,1,4,7500,15414,1,3.77,Beli
4,1,4,7500,22917,2,3.77,Beli
4,1,4,7500,16842,2,3.77,Beli
4,1,4,7500,12229,3,3.77,Beli
4,1,4,7500,24722,4,3.77,Beli
4,1,4,7500,16859,4,3.77,Beli
4,1,4,7500,11060,4,3.80,Beli
4,1,4,7500,22051,0,3.80,Beli
4,1,4,7500,15417,1,3.82,Beli
4,1,4,7500,21411,0,3.82,Beli
4,1,4,7500,9342,1,3.82,Beli
4,1,4,7500,20395,2,3.82,Beli
4,1,4,7500,16432,4,3.82,Beli
4,1,4,7500,22574,0,3.84,Beli
4,1,4,7500,20482,2,3.84,Beli
4,1,4,7500,17222,2,3.85,Beli
4,1,4,7500,13025,3,3.85,Beli
4,1,4,7500,10996,3,3.85,Beli
4,1,4,7500,13490,0,3.85,Beli
4,1,4,7500,22688,3,3.88,Beli
4,1,4,7500,15760,3,3.89,Beli
4,1,4,7500,9359,0,3.89,Beli
4,1,4,7500,12382,4,3.89,Beli
4,1,4,7500,17051,1,3.89,Beli
4,1,4,7500,11099,4,3.91,Beli
4,1,4,7500,8932,1,3.91,Beli
4,1,4,7500,19158,4,3.94,Beli
4,1,4,7500,13845,4,3.97,Beli
4,1,4,7500,5525,0,3.97,Terlalu_Mahal
4,1,4,7500,1432,0,3.98,Terlalu_Mahal
4,1,4,7500,14557,4,3.99,Beli
4,1,4,7500,17594,0,3.95,Beli
4,1,4,7500,19513,5,3.95,Beli
4,1,4,7500,22130,5,3.93,Beli
4,1,4,7500,10415,0,3.93,Beli
4,1,4,7500,14485,0,3.96,Beli
4,1,4,7500,17816,0,3.96,Beli
4,1,4,7500,12321,1,3.96,Beli
4,1,5,7500,7057,0,4.00,Terlalu_Mahal
4,1,5,7500,12013,0,4.02,Beli
4,1,5,7500,14630,0,4.05,Beli
4,1,5,7500,4513,1,4.05,Terlalu_Mahal
1,1,1,6500,13154,0,0.50,Beli
1,1,1,6500,21797,0,0.50,Beli
1,1,1,6500,21687,0,5.00,Beli
1,1,1,6500,18082,1,5.00,Beli
1,1,1,6500,18567,2,2.50,Beli
1,1,1,6500,13593,2,3.33,Beli
1,1,1,6500,13281,3,2.50,Beli
1,1,1,6500,23058,3,2.50,Beli
1,1,1,6500,24055,3,2.50,Beli
1,1,1,6500,13663,2,2.86,Beli
1,1,2,6500,10235,2,3.13,Beli
1,1,2,6500,20518,2,3.00,Beli
1,1,2,6500,19753,2,2.92,Beli
1,1,2,6500,15608,2,2.92,Beli
1,1,2,6500,10279,3,2.86,Beli
1,1,2,6500,19791,3,3.00,Beli
1,1,2,6500,11254,4,3.00,Beli
2,1,2,7500,19687,0,3.40,Beli
2,1,2,7500,17215,1,3.40,Beli
2,1,2,7500,12187,0,3.40,Beli
2,1,2,7500,22070,1,3.40,Beli
2,1,2,7500,22766,1,3.40,Beli
2,1,2,7500,21390,1,3.40,Beli
2,1,2,7500,9715,2,3.40,Beli
2,1,2,7500,12765,1,3.40,Beli
2,1,2,7500,24730,1,3.40,Beli
2,1,2,7500,24912,1,3.40,Beli
2,1,2,7500,15576,2,3.40,Beli
2,1,3,7500,16107,2,3.33,Beli
2,1,3,7500,23577,0,3.33,Beli
2,1,3,7500,15611,2,3.45,Beli
2,1,3,7500,14001,2,3.45,Beli
2,1,3,7500,8076,0,3.55,Beli
2,1,3,7500,23212,2,3.64,Beli
2,1,3,7500,23228,1,3.64,Beli
2,1,3,7500,13938,3,3.64,Beli
2,1,3,7500,24686,3,3.68,Beli
2,1,3,7500,17366,4,3.71,Beli
2,1,3,7500,14868,4,3.71,Beli
2,1,3,7500,20737,5,3.71,Beli
2,1,3,7500,20467,5,3.78,Beli
2,1,3,7500,15712,0,3.78,Beli
2,1,3,7500,15594,6,3.78,Beli
2,1,3,7500,22922,6,3.85,Beli
2,1,3,7500,16752,7,3.85,Antrean_Panjang
2,1,3,7500,17901,6,3.88,Beli
2,1,3,7500,17186,0,3.88,Beli
2,1,3,7500,17017,7,3.88,Beli
2,1,3,7500,16074,6,3.88,Beli
2,1,3,7500,13721,0,3.93,Beli
2,1,3,7500,18300,7,3.93,Beli
2,1,3,7500,14247,7,3.75,Beli
2,1,3,7500,18711,0,3.75,Beli
2,1,3,7500,13237,1,3.75,Beli
2,1,3,7500,13128,8,3.75,Beli
2,1,3,7500,8574,0,3.96,Beli
2,1,4,7500,5628,0,4.00,Terlalu_Mahal
3,1,4,8500,22536,0,4.07,Beli
3,1,4,8500,23042,1,4.07,Beli
3,1,4,8500,10139,2,4.07,Beli
3,1,4,8500,12049,2,4.07,Beli
3,1,4,8500,24666,2,4.07,Beli
3,1,4,8500,23793,0,4.07,Beli
3,1,4,8500,10396,0,4.07,Beli
3,1,4,8500,10058,1,4.07,Beli
3,1,4,8500,15820,1,4.08,Beli
3,1,4,8500,24272,2,4.08,Beli
3,1,4,8500,11512,2,4.02,Beli
3,1,4,8500,16166,1,4.03,Beli
3,1,4,8500,21649,2,4.03,Beli
3,1,4,8500,18780,1,4.05,Beli
3,1,4,8500,22814,3,4.05,Beli
3,1,4,8500,16861,2,4.06,Beli
3,1,4,8500,21380,0,4.06,Beli
3,1,4,8500,15121,2,4.08,Beli
3,1,4,8500,22149,2,4.10,Beli
3,1,4,8500,7666,0,4.10,Terlalu_Mahal
3,1,4,8500,22159,3,4.10,Beli
3,1,4,8500,10280,1,4.10,Beli
3,1,4,8500,19519,0,4.10,Beli
3,1,4,8500,21536,3,4.12,Beli
3,1,4,8500,10653,4,4.13,Beli
3,1,4,8500,8361,1,4.14,Terlalu_Mahal
3,1,4,8500,23167,5,4.14,Beli
3,1,4,8500,14954,5,4.17,Beli
3,1,4,8500,11480,6,4.11,Beli
3,1,4,8500,16091,6,4.12,Beli
3,1,4,8500,22043,7,4.12,Beli
3,1,4,8500,14127,7,4.16,Beli
3,1,4,8500,13659,0,4.16,Beli
3,1,4,8500,21476,7,4.17,Beli
3,1,4,8500,10492,0,4.18,Beli
3,1,4,8500,14074,1,4.18,Beli
3,1,4,8500,14245,7,4.19,Beli
3,1,4,8500,17312,8,4.19,Beli
3,1,4,8500,16935,9,4.19,Beli
3,1,4,8500,16616,0,4.19,Beli
3,1,4,8500,10268,9,4.19,Antrean_Panjang
3,1,4,8500,14738,9,4.19,Beli
3,1,4,8500,15617,9,4.22,Beli
3,1,4,8500,10268,0,4.17,Beli
3,1,4,8500,6454,0,4.17,Terlalu_Mahal
3,1,4,8500,6454,1,4.19,Terlalu_Mahal
3,1,4,8500,23263,0,4.19,Beli
3,1,4,8500,2980,1,4.19,Terlalu_Mahal
3,1,4,8500,2980,0,4.20,Terlalu_Mahal
3,1,4,8500,7591,0,4.20,Terlalu_Mahal
3,1,5,8500,13543,0,4.22,Beli
3,1,5,8500,8812,0,4.26,Beli
3,1,5,8500,6238,0,4.28,Terlalu_Mahal
3,1,5,8500,6238,0,4.28,Terlalu_Mahal
3,1,5,8500,7117,0,4.29,Terlalu_Mahal
4,1,5,8500,55933,1,4.31,Beli
4,1,5,8500,20249,1,4.31,Beli
4,1,5,8500,25304,2,4.31,Beli
4,1,5,8500,53392,2,4.31,Beli
4,1,5,8500,48902,0,4.31,Beli
4,1,5,8500,33677,3,4.31,Beli
4,1,5,8500,47433,0,4.31,Beli
4,1,5,8500,31836,0,4.31,Beli
4,1,5,8500,34248,2,4.31,Beli
4,2,5,23000,45555,0,4.31,Beli
4,1,5,8500,44892,0,4.31,Beli
4,1,5,8500,45912,1,4.31,Beli
4,1,5,8500,29383,0,4.31,Beli
4,1,5,8500,35907,1,4.31,Beli
4,1,5,8500,33038,2,4.31,Beli
4,2,5,23000,51465,0,4.31,Beli
4,1,5,8500,44970,1,4.31,Beli
4,1,5,8500,31522,2,4.31,Beli
4,1,5,8500,33046,3,4.31,Beli
4,1,5,8500,25748,1,4.31,Beli
4,1,5,8500,49924,3,4.29,Beli
4,2,5,23000,43741,0,4.29,Beli
4,2,5,23000,41848,1,4.30,Beli
4,1,5,8500,56185,3,4.30,Beli
4,1,5,8500,24538,0,4.31,Beli
4,1,5,8500,39350,3,4.31,Beli
4,1,5,8500,35277,1,4.31,Beli
4,1,5,8500,39002,3,4.33,Beli
4,2,5,23000,35443,0,4.33,Beli
4,1,5,8500,24546,0,4.33,Beli
4,2,5,23000,24459,1,4.35,Beli
4,1,5,8500,32210,3,4.35,Beli
4,2,5,23000,49022,1,4.35,Beli
4,1,5,8500,36634,4,4.35,Beli
4,2,5,23000,37592,2,4.36,Beli
4,1,5,8500,39409,4,4.36,Beli
4,1,5,8500,16046,0,4.36,Beli
4,1,6,8500,47685,0,4.36,Beli
4,1,6,8500,44700,4,4.36,Beli
4,1,6,8500,45271,5,4.36,Beli
4,1,6,8500,30850,1,4.36,Beli
4,1,6,8500,59900,6,4.36,Beli
4,1,6,8500,24493,0,4.33,Beli
4,1,6,8500,30502,1,4.34,Beli
4,2,6,23000,52125,0,4.34,Beli
4,1,6,8500,36318,5,4.35,Beli
4,2,6,23000,26980,1,4.35,Beli
4,2,6,23000,38102,2,4.35,Beli
4,1,6,8500,35182,5,4.36,Beli
4,2,6,23000,51013,2,4.37,Beli
4,1,6,8500,28134,0,4.37,Beli
4,1,6,8500,36771,0,4.39,Beli
4,1,6,8500,51400,0,4.41,Beli
5,1,6,9500,55711,0,4.45,Beli
5,1,6,9500,31582,1,4.45,Beli
5,1,6,9500,48654,2,4.45,Beli
5,1,6,9500,30829,2,4.45,Beli
5,2,6,25000,40024,0,4.45,Beli
5,1,6,9500,21230,1,4.45,Beli
5,1,6,9500,22082,0,4.45,Beli
5,1,6,9500,25902,2,4.45,Beli
5,2,6,25000,34102,0,4.45,Beli
5,1,6,9500,42695,3,4.45,Beli
5,1,6,9500,42824,3,4.45,Beli
5,1,6,9500,39154,1,4.45,Beli
5,1,6,9500,21329,0,4.42,Beli
5,1,6,9500,40979,4,4.42,Beli
5,1,6,9500,45600,4,4.42,Beli
5,2,6,25000,32722,0,4.42,Beli
5,2,6,25000,9102,0,4.42,Terlalu_Mahal
5,1,6,9500,38814,5,4.42,Beli
5,1,6,9500,37153,5,4.39,Beli
5,1,6,9500,34777,0,4.39,Beli
5,1,6,9500,16402,0,4.40,Beli
5,2,6,25000,7722,0,4.37,Terlalu_Mahal
5,1,6,9500,44256,5,4.37,Beli
5,1,6,9500,23312,5,4.37,Beli
5,1,6,9500,23644,6,4.38,Beli
5,1,6,9500,33324,0,4.38,Beli
5,1,6,9500,47157,7,4.38,Beli
5,1,7,9500,33858,7,4.38,Beli
5,2,7,25000,24156,0,4.39,Terlalu_Mahal
5,1,7,9500,26754,7,4.39,Beli
5,1,7,9500,52502,0,4.36,Beli
5,1,7,9500,36100,0,4.36,Beli
5,1,7,9500,24520,7,4.36,Antrean_Panjang
5,2,7,25000,24156,0,4.36,Terlalu_Mahal
5,1,7,9500,29314,1,4.34,Beli
5,2,7,25000,22149,0,4.34,Terlalu_Mahal
5,1,7,9500,24520,2,4.34,Beli
5,1,7,9500,27653,2,4.35,Beli
5,1,7,9500,43002,0,4.35,Beli
5,2,7,25000,50623,0,4.35,Beli
5,1,7,9500,21960,5,4.32,Beli
5,1,7,9500,26430,6,4.32,Beli
5,2,7,25000,57758,0,4.33,Beli
5,1,7,9500,13812,1,4.30,Beli
5,2,7,25000,25623,1,4.30,Beli
5,1,7,9500,53225,6,4.30,Beli
5,2,7,25000,23296,2,4.30,Terlalu_Mahal
5,2,7,25000,43709,0,4.28,Beli
5,1,7,9500,24527,1,4.28,Beli
5,1,7,9500,38831,6,4.28,Beli
5,1,7,9500,14144,2,4.28,Beli
5,1,7,9500,29457,7,4.28,Beli
5,2,7,25000,36951,0,4.26,Beli
5,1,7,9500,37657,2,4.26,Beli
5,2,7,25000,49183,0,4.26,Beli
5,1,7,9500,24358,2,4.26,Beli
5,2,7,25000,11951,0,4.22,Terlalu_Mahal
5,1,7,9500,17254,0,4.23,Beli
5,1,7,9500,16930,0,4.25,Beli
5,1,7,9500,43725,1,4.25,Beli
5,1,7,9500,29331,0,4.26,Beli
5,1,7,9500,19957,0,4.27,Beli
6,1,7,9500,49635,0,4.29,Beli
6,1,7,9500,37647,1,4.29,Beli
6,2,7,27000,24122,0,4.29,Terlalu_Mahal
6,1,7,9500,26502,0,4.29,Beli
6,2,7,27000,24122,0,4.29,Terlalu_Mahal
6,1,7,9500,40135,1,4.29,Beli
6,1,7,9500,58139,2,4.29,Beli
6,1,7,9500,43916,0,4.29,Beli
6,1,7,9500,35352,3,4.29,Beli
6,1,7,9500,36016,1,4.29,Beli
6,1,7,9500,17002,0,4.29,Beli
6,1,7,9500,39876,1,4.29,Beli
6,1,7,9500,50406,0,4.29,Beli
6,2,7,27000,20145,0,4.27,Terlalu_Mahal
6,1,7,9500,47294,1,4.27,Beli
6,2,7,27000,20145,0,4.27,Terlalu_Mahal
6,2,7,27000,22000,0,4.27,Terlalu_Mahal
6,2,7,27000,45707,0,4.27,Beli
6,1,7,9500,40906,0,4.27,Beli
6,1,7,9500,26516,0,4.27,Beli
6,1,7,9500,39370,0,4.27,Beli
6,2,7,27000,22000,1,4.27,Terlalu_Mahal
6,1,7,9500,37794,1,4.27,Beli
6,2,7,27000,38716,0,4.27,Beli
6,1,7,9500,46241,1,4.27,Beli
6,2,7,27000,58798,0,4.27,Beli
6,2,7,27000,57131,1,4.27,Beli
6,2,7,27000,31800,1,4.27,Beli
6,1,7,9500,34025,1,4.28,Beli
6,1,8,9500,43505,1,4.26,Beli
6,1,8,9500,59710,0,4.27,Beli
6,1,8,9500,29870,0,4.27,Beli
6,1,8,9500,56840,2,4.27,Beli
6,1,8,9500,36741,1,4.27,Beli
6,1,8,9500,46031,2,4.26,Beli
6,2,8,27000,21600,0,4.26,Terlalu_Mahal
6,1,8,9500,49259,2,4.26,Beli
6,1,8,9500,27042,3,4.26,Beli
6,2,8,27000,21600,0,4.26,Terlalu_Mahal
6,2,8,27000,48511,0,4.27,Beli
6,2,8,27000,42532,0,4.27,Beli
6,1,8,9500,52365,4,4.27,Beli
6,1,8,9500,52979,4,4.28,Beli
6,1,8,9500,54637,4,4.26,Beli
6,1,8,9500,54666,0,4.26,Beli
6,1,8,9500,38160,5,4.26,Beli
6,1,8,9500,20818,0,4.25,Beli
6,1,8,9500,45166,0,4.25,Beli
6,1,8,9500,17542,1,4.25,Beli
6,1,8,9500,23603,4,4.26,Beli
6,1,8,9500,50842,1,4.26,Beli
6,1,8,9500,51082,4,4.26,Beli
6,1,8,9500,11318,1,4.26,Beli
6,2,8,27000,34140,0,4.26,Beli
6,1,8,9500,42865,1,4.26,Beli
6,1,8,9500,36138,4,4.27,Beli
6,2,8,27000,51551,1,4.27,Beli
6,1,8,9500,43479,1,4.27,Beli
6,1,8,9500,38159,1,4.27,Beli
6,1,8,9500,45137,1,4.27,Beli
6,1,8,9500,28660,1,4.28,Beli
6,1,8,9500,33979,0,4.28,Beli
6,1,8,9500,14103,0,4.29,Beli
6,1,8,9500,41582,1,4.30,Beli
6,1,8,9500,19160,0,4.30,Beli
6,1,8,9500,26638,0,4.30,Beli
7,1,8,10000,51308,0,4.32,Beli
7,2,8,29000,49688,0,4.32,Beli
7,1,8,10000,35923,1,4.32,Beli
7,1,8,10000,39442,0,4.32,Beli
7,1,8,10000,26142,1,4.32,Beli
7,1,8,10000,51566,2,4.32,Beli
7,1,8,10000,28461,3,4.32,Beli
7,1,8,10000,56029,3,4.32,Beli
7,1,8,10000,29442,0,4.32,Beli
7,1,8,10000,41308,0,4.32,Beli
7,1,8,10000,21303,3,4.32,Beli
7,1,8,10000,44696,4,4.32,Beli
7,1,8,10000,20640,0,4.32,Beli
7,1,8,10000,34503,1,4.32,Beli
7,1,8,10000,27718,4,4.32,Beli
7,1,8,10000,41566,0,4.32,Beli
7,2,8,29000,39303,0,4.32,Beli
7,1,8,10000,10640,0,4.32,Beli
7,2,8,29000,57403,0,4.32,Beli
7,1,8,10000,26291,3,4.32,Beli
7,2,8,29000,52448,0,4.33,Beli
7,1,8,10000,31566,0,4.33,Beli
7,1,8,10000,43977,3,4.33,Beli
7,1,9,10000,35418,0,4.33,Beli
7,2,9,29000,20725,1,4.33,Terlalu_Mahal
7,1,9,10000,45204,4,4.33,Beli
7,2,9,29000,41657,0,4.33,Beli
7,1,9,10000,34696,0,4.33,Beli
7,1,9,10000,34306,4,4.33,Beli
7,2,9,29000,47394,0,4.33,Beli
7,1,9,10000,43284,0,4.34,Beli
7,1,9,10000,27092,3,4.34,Beli
7,1,9,10000,58209,1,4.34,Beli
7,1,9,10000,17718,0,4.34,Beli
7,1,9,10000,23858,3,4.33,Beli
7,1,9,10000,37716,1,4.33,Beli
7,1,9,10000,33284,0,4.33,Beli
7,1,9,10000,33977,2,4.34,Beli
7,1,9,10000,25622,2,4.34,Beli
7,1,9,10000,57487,3,4.34,Beli
7,1,9,10000,24851,3,4.34,Beli
7,1,9,10000,37547,3,4.35,Beli
7,2,9,29000,21536,0,4.35,Terlalu_Mahal
7,2,9,29000,47292,0,4.35,Beli
7,1,9,10000,46962,3,4.35,Beli
7,1,9,10000,35204,0,4.35,Beli
7,1,9,10000,24306,0,4.35,Beli
7,2,9,29000,21536,0,4.35,Terlalu_Mahal
7,1,9,10000,41990,4,4.35,Beli
7,1,9,10000,23860,4,4.34,Beli
7,2,9,29000,57225,0,4.34,Beli
7,1,9,10000,13858,1,4.34,Beli
7,1,9,10000,49381,5,4.34,Beli
7,2,9,29000,18292,1,4.34,Terlalu_Mahal
7,2,9,29000,50495,0,4.34,Beli
7,1,9,10000,15622,0,4.34,Beli
7,1,9,10000,26280,5,4.34,Beli
7,1,9,10000,27547,0,4.33,Beli
7,1,9,10000,36962,1,4.33,Beli
7,1,9,10000,31990,0,4.34,Beli
7,1,9,10000,13860,0,4.34,Beli
7,1,9,10000,39381,0,4.34,Beli
8,1,9,10000,26929,0,4.35,Beli
8,1,9,10000,43178,0,4.35,Beli
8,1,9,10000,37831,1,4.35,Beli
8,2,9,29000,31004,0,4.35,Beli
8,1,9,10000,33331,1,4.35,Beli
8,1,9,10000,35263,1,4.35,Beli
8,2,9,29000,54351,1,4.35,Beli
8,2,9,29000,26406,1,4.35,Terlalu_Mahal
8,1,9,10000,48738,1,4.35,Beli
8,1,9,10000,23331,0,4.35,Beli
8,1,9,10000,37134,2,4.35,Beli
8,2,9,29000,41725,0,4.35,Beli
8,2,9,29000,26406,0,4.35,Terlalu_Mahal
8,1,9,10000,55773,2,4.35,Beli
8,2,9,29000,28475,0,4.35,Terlalu_Mahal
8,1,9,10000,25263,1,4.35,Beli
8,2,9,29000,25351,0,4.35,Terlalu_Mahal
8,1,9,10000,37999,3,4.35,Beli
8,2,9,29000,29828,0,4.35,Beli
8,1,9,10000,43243,3,4.35,Beli
8,1,9,10000,52178,3,4.34,Beli
8,1,9,10000,13331,0,4.34,Beli
8,1,9,10000,59940,4,4.34,Beli
8,2,9,29000,20091,0,4.34,Terlalu_Mahal
8,1,9,10000,40876,5,4.35,Beli
8,2,9,29000,828,0,4.35,Terlalu_Mahal
8,1,9,10000,41581,5,4.35,Beli
8,1,9,10000,49637,6,4.33,Beli
8,1,9,10000,45773,0,4.32,Beli
8,1,9,10000,23949,6,4.32,Beli
8,2,9,29000,44954,0,4.32,Beli
8,2,9,29000,45121,1,4.32,Beli
8,1,9,10000,29978,6,4.32,Beli
8,1,9,10000,27999,1,4.32,Beli
8,1,9,10000,21828,7,4.33,Beli
8,1,9,10000,35742,0,4.33,Beli
8,1,9,10000,47509,7,4.33,Beli
8,1,9,10000,48764,8,4.33,Beli
8,2,9,29000,15954,0,4.32,Terlalu_Mahal
8,1,10,10000,49940,0,4.32,Beli
8,1,10,10000,18293,8,4.32,Beli
8,1,10,10000,25742,0,4.32,Beli
8,1,10,10000,36747,1,4.32,Beli
8,2,10,29000,408551,0,4.32,Beli
8,1,10,10000,42178,0,4.32,Beli
8,1,10,10000,319959,8,4.32,Antrean_Panjang
8,1,10,10000,57129,8,4.32,Beli
8,1,10,10000,30876,2,4.32,Beli
8,1,10,10000,319959,2,4.32,Beli
8,1,10,10000,48618,8,4.32,Beli
8,1,10,10000,31926,9,4.32,Beli
8,1,10,10000,15291,9,4.33,Antrean_Panjang
8,1,10,10000,26747,0,4.33,Beli
8,1,10,10000,59999,8,4.33,Beli
8,1,10,10000,39637,0,4.33,Beli
8,2,10,29000,24146,0,4.33,Terlalu_Mahal
8,1,10,10000,13949,0,4.33,Beli
8,2,10,29000,18178,0,4.33,Terlalu_Mahal
8,2,10,29000,39863,0,4.33,Beli
8,1,10,10000,335047,8,4.33,Beli
8,2,10,29000,24146,1,4.33,Terlalu_Mahal
8,1,10,10000,19978,1,4.34,Beli
8,2,10,29000,24740,0,4.34,Terlalu_Mahal
8,1,10,10000,11828,0,4.34,Beli
8,2,10,29000,65265,0,4.34,Beli
8,1,10,10000,38764,0,4.32,Beli
8,1,10,10000,37509,0,4.31,Beli
8,1,10,10000,8293,1,4.30,Terlalu_Mahal
8,1,10,10000,8293,0,4.29,Terlalu_Mahal
8,1,10,10000,47129,0,4.29,Beli
8,1,10,10000,49999,0,4.29,Beli
9,1,10,10000,20739,0,4.31,Beli
9,1,10,10000,73354,1,4.31,Beli
9,2,10,31000,47484,0,4.31,Beli
9,1,10,10000,70154,2,4.31,Beli
9,1,10,10000,41600,2,4.31,Beli
9,2,10,31000,54821,0,4.31,Beli
9,1,10,10000,63354,0,4.31,Beli
9,1,10,10000,35356,1,4.31,Beli
9,2,10,31000,52897,0,4.31,Beli
9,2,10,31000,101272,1,4.31,Beli
9,3,10,74000,23037,0,4.31,Terlalu_Mahal
9,1,10,10000,38072,0,4.31,Beli
9,2,10,31000,23821,0,4.31,Terlalu_Mahal
9,1,10,10000,60154,0,4.31,Beli
9,1,10,10000,53354,1,4.31,Beli
9,3,10,74000,23037,0,4.31,Terlalu_Mahal
9,3,10,74000,72013,0,4.31,Terlalu_Mahal
9,2,10,31000,247124,0,4.31,Beli
9,3,10,74000,41246,0,4.31,Terlalu_Mahal
9,1,10,10000,25356,0,4.31,Beli
9,2,10,31000,69085,1,4.31,Beli
9,3,10,74000,72013,0,4.31,Terlalu_Mahal
9,1,10,10000,53198,1,4.31,Beli
9,1,10,10000,64637,0,4.31,Beli
9,1,10,10000,47965,2,4.31,Beli
9,3,10,74000,43408,0,4.31,Terlalu_Mahal
9,1,10,10000,51114,1,4.31,Beli
9,1,10,10000,17519,1,4.31,Beli
9,3,10,74000,43408,0,4.31,Terlalu_Mahal
9,1,10,10000,471435,0,4.31,Beli
9,3,10,74000,43408,0,4.32,Terlalu_Mahal
9,3,10,74000,19522,0,4.32,Terlalu_Mahal
9,2,10,31000,63777,0,4.32,Beli
9,2,10,31000,40887,0,4.32,Beli
9,2,10,31000,147930,1,4.31,Beli
9,3,10,74000,48996,0,4.31,Terlalu_Mahal
9,1,10,10000,41114,0,4.29,Beli
9,3,10,74000,23380,0,4.29,Terlalu_Mahal
9,3,10,74000,19522,0,4.29,Terlalu_Mahal
9,1,10,10000,27254,0,4.29,Beli
9,3,10,74000,48996,0,4.29,Terlalu_Mahal
9,2,10,31000,136391,0,4.29,Beli
9,3,10,74000,23380,0,4.29,Terlalu_Mahal
9,3,10,74000,19522,0,4.29,Terlalu_Mahal
9,2,10,31000,9887,0,4.29,Terlalu_Mahal
9,1,10,10000,281550,0,4.28,Beli
9,1,10,10000,64623,1,4.28,Beli
9,2,10,31000,16028,0,4.28,Terlalu_Mahal
9,3,10,74000,17576,0,4.27,Terlalu_Mahal
9,2,10,31000,16028,0,4.27,Terlalu_Mahal
9,1,10,10000,271550,0,4.27,Beli
9,2,10,31000,33787,0,4.28,Beli
9,2,10,31000,40028,1,4.28,Beli
9,1,10,10000,15060,0,4.28,Beli
9,1,10,10000,176646,0,4.28,Beli
9,3,10,74000,17576,0,4.28,Terlalu_Mahal
9,2,10,31000,248351,1,4.28,Beli
9,1,11,10000,5060,0,4.27,Terlalu_Mahal
9,2,11,31000,17471,0,4.27,Terlalu_Mahal
9,2,11,31000,71599,1,4.25,Beli
9,1,11,10000,166646,0,4.25,Beli
9,2,11,31000,9028,0,4.25,Terlalu_Mahal
9,2,11,31000,353560,2,4.25,Beli
9,2,11,31000,63537,0,4.25,Beli
9,2,11,31000,40599,0,4.23,Beli
10,1,11,10000,55635,0,4.22,Beli
10,2,11,31000,266720,0,4.22,Beli
10,2,11,31000,59433,1,4.22,Beli
10,1,11,10000,17825,0,4.22,Beli
10,2,11,31000,492404,2,4.22,Beli
10,1,11,10000,64446,0,4.22,Beli
10,2,11,31000,24468,1,4.22,Terlalu_Mahal
10,1,11,10000,67918,0,4.22,Beli
10,2,11,31000,49145,0,4.22,Beli
10,1,11,10000,19959,0,4.22,Beli
10,2,11,31000,28433,1,4.22,Terlalu_Mahal
10,2,11,31000,24468,1,4.22,Terlalu_Mahal
10,3,11,72000,46787,0,4.22,Terlalu_Mahal
10,2,11,31000,461404,0,4.22,Beli
10,2,11,31000,69736,1,4.22,Beli
10,3,11,72000,38620,0,4.22,Terlalu_Mahal
10,1,11,10000,9959,0,4.22,Terlalu_Mahal
10,2,11,31000,446146,0,4.22,Beli
10,2,11,31000,65458,1,4.22,Beli
10,2,11,31000,495642,2,4.22,Beli
10,3,11,72000,46787,0,4.22,Terlalu_Mahal
10,1,11,10000,33410,0,4.22,Beli
10,1,11,10000,18479,1,4.22,Beli
10,1,11,10000,19685,0,4.22,Beli
10,2,11,31000,50971,0,4.22,Beli
10,1,11,10000,64070,1,4.22,Beli
10,1,11,10000,26361,2,4.22,Beli
10,3,11,72000,59341,0,4.23,Terlalu_Mahal
10,1,11,10000,23410,0,4.23,Beli
10,1,11,10000,67583,2,4.22,Beli
10,2,11,31000,15245,0,4.22,Terlalu_Mahal
10,2,11,31000,464642,0,4.22,Beli
10,2,11,31000,73642,0,4.22,Beli
10,3,11,72000,59341,0,4.21,Terlalu_Mahal
10,2,11,31000,43268,1,4.21,Beli
10,1,11,10000,8479,0,4.21,Terlalu_Mahal
10,1,11,10000,54070,0,4.21,Beli
10,3,11,72000,59341,0,4.21,Terlalu_Mahal
10,1,11,10000,68125,1,4.20,Beli
10,1,11,10000,124391,0,4.20,Beli
10,1,11,10000,16361,1,4.20,Beli
10,1,11,10000,57583,1,4.21,Beli
10,2,11,31000,64309,0,4.21,Beli
10,2,11,31000,31898,1,4.21,Beli
10,1,11,10000,44469,0,4.21,Beli
10,1,11,10000,66342,1,4.21,Beli
10,1,11,10000,114391,0,4.21,Beli
10,1,11,10000,58125,0,4.21,Beli
10,1,11,10000,71746,1,4.21,Beli
10,1,11,10000,29658,1,4.21,Beli
10,1,11,10000,44079,0,4.21,Beli
10,1,11,10000,61746,1,4.20,Beli
10,2,11,31000,29991,0,4.20,Terlalu_Mahal
10,2,11,31000,278353,0,4.20,Beli
10,1,11,10000,32942,1,4.20,Beli
10,1,11,10000,56342,0,4.20,Beli
10,1,11,10000,60913,1,4.19,Beli
10,3,11,72000,66868,0,4.19,Terlalu_Mahal
10,3,11,72000,66868,0,4.20,Terlalu_Mahal
10,2,11,31000,72879,0,4.20,Beli
11,1,11,10000,50791,0,4.19,Beli
11,2,11,31000,37406,0,4.19,Beli
11,1,11,10000,40791,0,4.19,Beli
11,1,11,10000,29175,1,4.19,Beli
11,1,11,10000,471164,0,4.19,Beli
11,1,11,10000,63549,0,4.19,Beli
11,1,11,10000,51281,1,4.19,Beli
11,2,11,31000,20119,0,4.19,Terlalu_Mahal
11,2,11,31000,6406,0,4.19,Terlalu_Mahal
11,1,11,10000,461164,1,4.19,Beli
11,2,11,31000,25886,0,4.19,Terlalu_Mahal
11,1,11,10000,241280,1,4.19,Beli
11,1,11,10000,53549,0,4.19,Beli
11,1,11,10000,54049,0,4.19,Beli
11,3,11,70000,53409,0,4.19,Terlalu_Mahal
11,1,11,10000,41281,2,4.19,Beli
11,2,11,31000,25886,0,4.19,Terlalu_Mahal
11,1,11,10000,19175,0,4.19,Beli
11,2,11,31000,178667,0,4.19,Beli
11,2,11,31000,42342,0,4.19,Beli
11,3,11,70000,53409,0,4.19,Terlalu_Mahal
11,1,11,10000,231280,0,4.19,Beli
11,3,11,70000,28409,0,4.19,Terlalu_Mahal
11,3,12,70000,164640,0,4.19,Beli
11,1,12,10000,57225,0,4.19,Beli
11,1,12,10000,44049,0,4.19,Beli
11,3,12,70000,28409,1,4.19,Terlalu_Mahal
11,1,12,10000,58321,1,4.19,Beli
11,1,12,10000,40264,0,4.19,Beli
11,1,12,10000,484606,0,4.20,Beli
11,1,12,10000,47225,1,4.19,Beli
11,2,12,31000,18009,0,4.19,Terlalu_Mahal
11,2,12,31000,18009,0,4.18,Terlalu_Mahal
11,2,12,31000,51139,0,4.18,Beli
11,1,12,10000,33781,0,4.18,Beli
11,3,12,70000,36696,0,4.18,Terlalu_Mahal
11,1,12,10000,59454,0,4.18,Beli
11,1,12,10000,46943,1,4.18,Beli
11,3,12,70000,36696,0,4.17,Terlalu_Mahal
11,1,12,10000,471687,1,4.17,Beli
11,2,12,31000,24060,0,4.18,Terlalu_Mahal
11,1,12,10000,59555,2,4.18,Beli
11,2,12,31000,53018,0,4.18,Beli
11,3,12,70000,44381,0,4.17,Terlalu_Mahal
11,3,12,70000,24286,0,4.17,Terlalu_Mahal
11,3,12,70000,44381,0,4.17,Terlalu_Mahal
11,1,12,10000,60790,0,4.16,Beli
11,1,12,10000,45992,0,4.16,Beli
11,3,12,70000,24286,0,4.16,Terlalu_Mahal
11,1,12,10000,49555,0,4.16,Beli
11,3,12,70000,44381,0,4.16,Terlalu_Mahal
11,1,12,10000,15107,1,4.15,Beli
11,2,12,31000,366039,0,4.15,Beli
11,3,12,70000,24286,0,4.15,Terlalu_Mahal
11,1,12,10000,54029,1,4.15,Beli
11,2,12,31000,17497,0,4.16,Terlalu_Mahal
11,1,12,10000,50790,0,4.16,Beli
11,1,12,10000,29894,2,4.16,Beli
11,2,12,31000,17497,0,4.16,Terlalu_Mahal
11,1,12,10000,5107,1,4.15,Terlalu_Mahal
11,1,12,10000,35992,0,4.15,Beli
11,2,12,31000,57804,0,4.15,Beli
11,1,12,10000,40790,0,4.15,Beli
11,1,12,10000,19894,0,4.13,Beli
12,3,12,70000,32425,0,4.13,Terlalu_Mahal
12,1,12,10000,397664,0,4.13,Beli
12,2,12,31000,110984,0,4.13,Beli
12,3,12,70000,32425,0,4.13,Terlalu_Mahal
12,1,12,10000,57980,0,4.13,Beli
12,3,12,70000,32425,0,4.13,Terlalu_Mahal
12,2,12,31000,494382,0,4.13,Beli
12,2,12,31000,42508,0,4.13,Beli
12,1,12,10000,432999,1,4.13,Beli
12,2,12,31000,79984,1,4.13,Beli
12,1,12,10000,47980,0,4.13,Beli
12,3,12,70000,31258,0,4.13,Terlalu_Mahal
12,1,12,10000,50533,0,4.13,Beli
12,3,12,70000,53261,0,4.13,Terlalu_Mahal
12,1,12,10000,59084,1,4.13,Beli
12,2,12,31000,11508,0,4.13,Terlalu_Mahal
12,2,12,31000,368186,0,4.13,Beli
12,3,12,70000,53261,0,4.13,Terlalu_Mahal
12,3,12,70000,31258,0,4.13,Terlalu_Mahal
12,3,12,70000,31884,0,4.13,Terlalu_Mahal
12,1,12,10000,40533,0,4.13,Beli
12,2,12,31000,16662,0,4.13,Terlalu_Mahal
12,1,12,10000,49784,0,4.13,Beli
12,1,12,10000,22913,1,4.12,Beli
12,1,12,10000,49084,2,4.12,Beli
12,3,12,70000,221257,0,4.12,Beli
12,3,12,70000,31884,0,4.12,Terlalu_Mahal
12,2,12,31000,470441,0,4.12,Beli
12,3,12,70000,73309,0,4.12,Beli
12,1,12,10000,20180,0,4.12,Beli
12,3,12,70000,38546,1,4.12,Terlalu_Mahal
12,2,12,31000,105051,0,4.12,Beli
12,2,12,31000,72414,0,4.12,Beli
12,3,12,70000,33522,0,4.12,Terlalu_Mahal
12,3,12,70000,38546,0,4.12,Terlalu_Mahal
12,2,12,31000,439441,1,4.12,Beli
12,1,12,10000,53142,0,4.11,Beli
12,2,12,31000,491667,0,4.11,Beli
12,2,12,31000,30257,1,4.11,Terlalu_Mahal
12,3,12,70000,33522,0,4.11,Terlalu_Mahal
12,1,12,10000,62044,1,4.11,Beli
12,1,12,10000,10180,0,4.10,Beli
12,2,12,31000,26064,1,4.10,Terlalu_Mahal
12,1,12,10000,48208,1,4.10,Beli
12,3,12,70000,33522,0,4.10,Terlalu_Mahal
12,1,12,10000,46955,1,4.10,Beli
12,1,12,10000,26922,0,4.10,Beli
12,1,12,10000,65903,0,4.10,Beli
12,1,12,10000,37137,2,4.10,Beli
12,1,12,10000,58662,2,4.10,Beli
12,1,12,10000,259118,3,4.10,Beli
12,1,12,10000,52044,0,4.09,Beli
12,1,12,10000,71401,3,4.09,Beli
12,1,12,10000,16922,1,4.10,Beli
12,2,12,31000,449563,0,4.10,Beli
12,1,12,10000,38208,2,4.10,Beli
12,1,12,10000,36955,0,4.10,Beli
12,1,12,10000,27137,0,4.10,Beli
12,2,12,31000,33469,1,4.09,Beli
12,2,12,31000,15008,1,4.09,Terlalu_Mahal
12,2,12,31000,15795,1,4.09,Terlalu_Mahal
12,1,12,10000,26955,0,4.08,Beli
12,2,12,31000,15795,0,4.08,Terlalu_Mahal
12,1,12,10000,48662,1,4.08,Beli
12,1,12,10000,249118,0,4.08,Beli
13,1,13,10000,26958,0,4.08,Beli
13,1,13,10000,16041,1,4.08,Beli
13,2,13,33000,68211,0,4.08,Beli
13,1,13,10000,45947,1,4.08,Beli
13,2,13,33000,39263,1,4.08,Beli
13,2,13,33000,72672,0,4.08,Beli
13,1,13,10000,73192,0,4.08,Beli
13,3,13,72000,30751,0,4.08,Terlalu_Mahal
13,2,13,33000,37371,0,4.08,Beli
13,1,13,10000,19168,0,4.08,Beli
13,1,13,10000,6041,0,4.08,Terlalu_Mahal
13,2,13,33000,6263,1,4.08,Terlalu_Mahal
13,2,13,33000,196557,0,4.08,Beli
13,3,13,72000,30751,0,4.08,Terlalu_Mahal
13,1,13,10000,63192,0,4.08,Beli
13,1,13,10000,132065,0,4.08,Beli
13,2,13,33000,6263,0,4.08,Terlalu_Mahal
13,2,13,33000,261750,1,4.08,Beli
13,2,13,33000,39672,0,4.08,Beli
13,2,13,33000,56629,1,4.08,Beli
13,1,13,10000,9168,0,4.08,Terlalu_Mahal
13,3,13,72000,30751,0,4.08,Terlalu_Mahal
13,1,13,10000,67483,1,4.08,Beli
13,1,13,10000,9168,0,4.08,Terlalu_Mahal
13,1,13,10000,60331,1,4.08,Beli
13,1,13,10000,122065,0,4.08,Beli
13,1,13,10000,62746,2,4.08,Beli
13,3,13,72000,23766,0,4.08,Terlalu_Mahal
13,1,13,10000,9168,0,4.08,Terlalu_Mahal
13,1,13,10000,29588,2,4.08,Beli
13,1,13,10000,57483,1,4.08,Beli
13,2,13,33000,23629,0,4.08,Terlalu_Mahal
13,2,13,33000,167719,0,4.08,Beli
13,1,13,10000,50331,1,4.09,Beli
13,3,13,72000,56235,0,4.09,Terlalu_Mahal
13,1,13,10000,47483,0,4.09,Beli
13,3,13,72000,15517,0,4.09,Terlalu_Mahal
13,3,13,72000,30398,0,4.09,Terlalu_Mahal
13,1,13,10000,24030,0,4.08,Beli
13,3,13,72000,56235,0,4.08,Terlalu_Mahal
13,3,13,72000,15517,0,4.08,Terlalu_Mahal
13,1,13,10000,49771,0,4.08,Beli
13,3,13,72000,56235,0,4.08,Terlalu_Mahal
13,1,13,10000,42925,0,4.09,Beli
13,1,13,10000,19588,0,4.09,Beli
13,3,13,72000,45240,0,4.09,Terlalu_Mahal
13,3,13,72000,15517,0,4.09,Terlalu_Mahal
13,1,13,10000,14030,0,4.08,Beli
13,3,13,72000,33563,0,4.08,Terlalu_Mahal
13,2,13,33000,22509,0,4.08,Terlalu_Mahal
13,3,13,72000,45240,0,4.08,Terlalu_Mahal
13,2,13,33000,47018,0,4.08,Beli
13,1,13,10000,45693,0,4.08,Beli
13,3,13,72000,45240,0,4.09,Terlalu_Mahal
13,3,13,72000,33563,0,4.09,Terlalu_Mahal
13,1,13,10000,47042,1,4.09,Beli
13,1,13,10000,35693,0,4.09,Beli
13,2,13,33000,54543,0,4.08,Beli
13,2,13,33000,43633,0,4.08,Beli
13,2,13,33000,132224,0,4.08,Beli
13,1,13,10000,47296,1,4.08,Beli
13,1,13,10000,37042,2,4.07,Beli
13,2,13,33000,29440,1,4.07,Terlalu_Mahal
13,1,13,10000,69873,0,4.06,Beli
13,2,13,33000,69865,0,4.06,Beli
13,2,13,33000,29440,0,4.06,Terlalu_Mahal
13,3,13,72000,22797,0,4.06,Terlalu_Mahal
13,2,13,33000,21543,0,4.06,Terlalu_Mahal
13,2,13,33000,328256,1,4.06,Beli
13,3,13,72000,22797,0,4.05,Terlalu_Mahal
13,2,13,33000,21543,0,4.05,Terlalu_Mahal
13,1,13,10000,59873,0,4.05,Beli
13,2,13,33000,36865,0,4.05,Beli
14,1,13,10000,54770,0,4.05,Beli
14,1,13,10000,60615,1,4.05,Beli
14,3,13,73000,61027,0,4.05,Terlalu_Mahal
14,1,13,10000,69004,0,4.05,Beli
14,3,13,73000,61027,0,4.05,Terlalu_Mahal
14,1,13,10000,39890,1,4.05,Beli
14,1,13,10000,288324,1,4.05,Beli
14,2,13,33000,54729,0,4.05,Beli
14,1,13,10000,51494,1,4.05,Beli
14,3,13,73000,61027,0,4.05,Terlalu_Mahal
14,1,13,10000,44770,0,4.05,Beli
14,2,13,33000,42747,0,4.05,Beli
14,1,13,10000,29890,0,4.05,Beli
14,2,13,33000,24894,1,4.05,Terlalu_Mahal
14,2,13,33000,33825,0,4.05,Beli
14,2,13,33000,37656,1,4.05,Beli
14,3,13,73000,396429,0,4.05,Beli
14,2,13,33000,327243,2,4.05,Beli
14,2,13,33000,9747,0,4.05,Terlalu_Mahal
14,2,13,33000,46666,2,4.05,Beli
14,1,13,10000,32614,0,4.05,Beli
14,3,13,73000,54820,0,4.04,Terlalu_Mahal
14,2,13,33000,4656,0,4.04,Terlalu_Mahal
14,2,13,33000,62970,1,4.04,Beli
14,1,13,10000,52407,0,4.04,Beli
14,2,13,33000,362043,0,4.04,Beli
14,2,13,33000,18925,2,4.04,Terlalu_Mahal
14,3,13,73000,54820,0,4.05,Terlalu_Mahal
14,2,13,33000,55579,1,4.05,Beli
14,2,13,33000,18925,0,4.05,Terlalu_Mahal
14,2,13,33000,13666,0,4.05,Terlalu_Mahal
14,3,13,73000,54820,0,4.05,Terlalu_Mahal
14,1,13,10000,66601,0,4.05,Beli
14,2,13,33000,25404,1,4.05,Terlalu_Mahal
14,1,13,10000,19058,0,4.05,Beli
14,2,13,33000,18925,0,4.05,Terlalu_Mahal
14,2,13,33000,13666,0,4.05,Terlalu_Mahal
14,1,13,10000,32273,0,4.05,Beli
14,1,13,10000,26114,0,4.05,Beli
14,2,13,33000,22579,0,4.05,Terlalu_Mahal
14,2,13,33000,25404,0,4.05,Terlalu_Mahal
14,2,13,33000,38107,0,4.05,Beli
14,1,13,10000,9058,0,4.05,Terlalu_Mahal
14,2,13,33000,20918,1,4.05,Terlalu_Mahal
14,1,13,10000,9058,0,4.05,Terlalu_Mahal
14,2,13,33000,30194,1,4.05,Terlalu_Mahal
14,2,13,33000,20918,0,4.06,Terlalu_Mahal
14,2,13,33000,38978,0,4.05,Beli
14,2,13,33000,5107,0,4.04,Terlalu_Mahal
14,1,13,10000,222554,0,4.05,Beli
14,2,13,33000,20918,0,4.05,Terlalu_Mahal
14,2,13,33000,58050,0,4.05,Beli
14,1,13,10000,408333,1,4.05,Beli
14,2,13,33000,30194,0,4.05,Terlalu_Mahal
14,2,13,33000,5107,0,4.05,Terlalu_Mahal
14,1,13,10000,15924,0,4.05,Beli
14,1,14,10000,38292,0,4.04,Beli
14,1,14,10000,66654,0,4.04,Beli
14,1,14,10000,212554,0,4.04,Beli
14,2,14,33000,5978,0,4.04,Terlalu_Mahal
14,1,14,10000,398333,1,4.04,Beli
14,1,14,10000,5924,0,4.04,Terlalu_Mahal
14,2,14,33000,58906,0,4.04,Beli
14,1,14,10000,49547,0,4.04,Beli
14,1,14,10000,388333,0,4.03,Beli
14,1,14,10000,202554,0,4.03,Beli
15,1,14,10000,255566,0,4.05,Beli
15,3,14,73000,31983,0,4.05,Terlalu_Mahal
15,3,14,73000,18819,0,4.05,Terlalu_Mahal
15,1,14,10000,203353,0,4.05,Beli
15,2,14,33000,72845,0,4.05,Beli
15,1,14,10000,34875,1,4.05,Beli
15,2,14,33000,38293,0,4.05,Beli
15,3,14,73000,31983,0,4.05,Terlalu_Mahal
15,1,14,10000,25833,0,4.05,Beli
15,1,14,10000,193353,1,4.05,Beli
15,3,14,73000,19502,0,4.05,Terlalu_Mahal
15,1,14,10000,26859,1,4.05,Beli
15,1,14,10000,15833,0,4.05,Beli
15,3,14,73000,30358,0,4.05,Terlalu_Mahal
15,3,14,73000,19502,0,4.05,Terlalu_Mahal
15,1,14,10000,24875,1,4.05,Beli
15,2,14,33000,53707,0,4.05,Beli
15,3,14,73000,30358,0,4.05,Terlalu_Mahal
15,2,14,33000,180365,1,4.05,Beli
15,1,14,10000,55653,0,4.05,Beli
15,3,14,73000,71254,0,4.05,Terlalu_Mahal
15,3,14,73000,30358,0,4.05,Terlalu_Mahal
15,1,14,10000,454859,0,4.05,Beli
15,1,14,10000,58043,0,4.04,Beli
15,2,14,33000,31206,1,4.03,Terlalu_Mahal
15,2,14,33000,20707,0,4.04,Terlalu_Mahal
15,1,14,10000,25203,1,4.04,Beli
15,2,14,33000,21660,0,4.04,Terlalu_Mahal
15,2,14,33000,31206,0,4.04,Terlalu_Mahal
15,3,14,73000,71254,0,4.04,Terlalu_Mahal
15,2,14,33000,147365,0,4.04,Beli
15,1,14,10000,224882,1,4.04,Beli
15,2,14,33000,31206,0,4.04,Terlalu_Mahal
15,1,14,10000,318449,1,4.04,Beli
15,3,14,73000,26655,0,4.02,Terlalu_Mahal
15,1,14,10000,42117,1,4.02,Beli
15,2,14,33000,114365,0,4.02,Beli
15,1,14,10000,24638,2,4.02,Beli
15,1,14,10000,48043,0,4.02,Beli
15,1,14,10000,15203,0,4.02,Beli
15,1,14,10000,17110,0,4.02,Beli
15,3,14,73000,403904,0,4.02,Beli
15,3,14,73000,54434,1,4.02,Terlalu_Mahal
15,3,14,73000,405698,1,4.03,Beli
15,1,14,10000,308449,0,4.03,Beli
15,3,14,73000,54434,0,4.02,Terlalu_Mahal
15,2,14,33000,318837,0,4.02,Beli
15,1,14,10000,32117,1,4.01,Beli
15,3,14,73000,228690,0,4.02,Beli
15,3,14,73000,54434,0,4.02,Terlalu_Mahal
15,3,14,73000,332698,0,4.01,Beli
15,1,14,10000,47104,0,4.00,Beli
15,1,14,10000,48490,0,4.00,Beli
15,2,14,33000,44257,0,4.00,Beli
15,3,14,73000,58621,0,4.00,Terlalu_Mahal
15,1,14,10000,14638,1,4.00,Beli
15,2,14,33000,285837,0,4.00,Beli
15,1,14,10000,49019,2,4.00,Beli
15,1,14,10000,211468,0,4.00,Beli
15,2,14,33000,22169,0,4.00,Terlalu_Mahal
15,3,14,73000,43825,0,4.00,Terlalu_Mahal
15,3,14,73000,43825,0,4.00,Terlalu_Mahal
15,2,14,33000,22169,0,4.00,Terlalu_Mahal
16,1,14,10000,44785,0,4.00,Beli
16,1,14,10000,45864,1,4.00,Beli
16,2,14,33000,74616,0,4.00,Beli
16,1,14,10000,245548,0,4.00,Beli
16,1,14,10000,34785,0,4.00,Beli
16,2,14,33000,117119,0,4.00,Beli
16,1,14,10000,35864,1,4.00,Beli
16,1,14,10000,54655,0,4.00,Beli
16,1,14,10000,281964,1,4.00,Beli
16,1,14,10000,235548,1,4.00,Beli
16,1,14,10000,64996,1,4.00,Beli
16,2,14,33000,72667,1,4.00,Beli
16,1,14,10000,40938,2,4.00,Beli
16,1,14,10000,141580,2,4.00,Beli
16,1,14,10000,63651,3,4.00,Beli
16,2,14,33000,84119,0,4.00,Beli
16,2,14,33000,39667,1,4.00,Beli
16,1,14,10000,54996,0,4.00,Beli
16,2,14,33000,30654,0,4.00,Terlalu_Mahal
16,1,14,10000,44655,0,4.00,Beli
16,2,14,33000,71820,0,4.00,Beli
16,1,14,10000,25051,2,4.00,Beli
16,2,14,33000,278301,1,4.00,Beli
16,2,14,33000,30654,0,4.00,Terlalu_Mahal
16,1,14,10000,30938,0,4.00,Beli
16,1,14,10000,16667,0,4.00,Beli
16,2,14,33000,424012,1,4.00,Beli
16,2,14,33000,38820,0,4.00,Beli
16,2,14,33000,19194,1,4.00,Terlalu_Mahal
16,1,14,10000,480625,1,4.00,Beli
16,1,14,10000,338259,1,4.00,Beli
16,2,14,33000,19194,0,4.00,Terlalu_Mahal
16,1,14,10000,15051,0,4.00,Beli
16,1,14,10000,28716,0,4.00,Beli
16,2,14,33000,245301,0,4.00,Beli
16,2,14,33000,391012,0,4.00,Beli
16,1,14,10000,367197,1,4.00,Beli
16,2,14,33000,19194,1,4.00,Terlalu_Mahal
16,1,14,10000,470625,2,4.00,Beli
16,1,14,10000,6667,0,4.00,Terlalu_Mahal
16,1,15,10000,29605,0,4.01,Beli
16,1,15,10000,49026,2,4.01,Beli
16,1,15,10000,38413,1,4.01,Beli
16,1,15,10000,328259,2,4.01,Beli
16,1,15,10000,73026,0,4.00,Beli
16,2,15,33000,32697,0,4.00,Terlalu_Mahal
16,1,15,10000,357197,0,4.00,Beli
16,2,15,33000,59214,0,4.00,Beli
16,1,15,10000,19605,0,4.00,Beli
16,3,15,75000,31896,0,4.01,Terlalu_Mahal
16,1,15,10000,46098,0,4.01,Beli
16,2,15,33000,69266,1,4.01,Beli
16,2,15,33000,32697,0,4.00,Terlalu_Mahal
16,3,15,75000,31896,0,4.00,Terlalu_Mahal
16,1,15,10000,61587,0,4.00,Beli
16,1,15,10000,37132,0,4.00,Beli
16,2,15,33000,40870,0,4.00,Beli
16,2,15,33000,26214,0,4.00,Terlalu_Mahal
16,3,15,75000,31896,0,4.00,Terlalu_Mahal
16,1,15,10000,69131,1,4.00,Beli
16,2,15,33000,38540,0,4.00,Beli
16,2,15,33000,23701,1,4.00,Terlalu_Mahal
16,2,15,33000,23701,0,4.00,Terlalu_Mahal
16,2,15,33000,7870,0,4.00,Terlalu_Mahal
16,1,15,10000,36098,0,4.00,Beli
16,1,15,10000,59131,0,4.00,Beli
16,2,15,33000,23701,0,4.00,Terlalu_Mahal
17,1,15,10000,66019,0,4.00,Beli
17,3,15,65000,65389,0,4.00,Beli
17,1,15,10000,28622,1,4.00,Beli
17,1,15,10000,22290,1,4.00,Beli
17,1,15,10000,249781,0,4.00,Beli
17,3,15,65000,39543,0,4.00,Terlalu_Mahal
17,3,15,65000,133020,0,4.00,Beli
17,1,15,10000,56019,0,4.00,Beli
17,2,15,33000,17524,0,4.00,Terlalu_Mahal
17,3,15,65000,39543,0,4.00,Terlalu_Mahal
17,2,15,33000,359787,0,4.00,Beli
17,1,15,10000,377505,0,4.00,Beli
17,1,15,10000,52060,0,4.00,Beli
17,3,15,65000,39543,0,4.00,Terlalu_Mahal
17,1,15,10000,42198,1,4.00,Beli
17,1,15,10000,70112,1,4.00,Beli
17,2,15,33000,20192,0,4.00,Terlalu_Mahal
17,2,15,33000,17524,0,4.00,Terlalu_Mahal
17,1,15,10000,22635,2,4.00,Beli
17,2,15,33000,326787,0,4.00,Beli
17,2,15,33000,20192,0,4.00,Terlalu_Mahal
17,1,15,10000,73399,0,4.00,Beli
17,1,15,10000,367505,0,4.00,Beli
17,1,15,10000,53605,1,4.00,Beli
17,2,15,33000,53118,0,4.00,Beli
17,1,15,10000,60112,1,4.00,Beli
17,1,15,10000,25806,2,4.00,Beli
17,1,15,10000,44290,2,4.01,Beli
17,1,15,10000,63399,0,4.01,Beli
17,1,15,10000,327597,1,4.01,Beli
17,1,15,10000,42060,0,4.01,Beli
17,1,15,10000,252458,1,4.01,Beli
17,2,15,33000,64495,0,4.01,Beli
17,1,15,10000,12635,1,4.01,Beli
17,2,15,33000,20118,0,4.01,Terlalu_Mahal
17,1,15,10000,43605,1,4.00,Beli
17,2,15,33000,20118,0,4.00,Terlalu_Mahal
17,2,15,33000,18812,0,4.00,Terlalu_Mahal
17,1,15,10000,56658,0,4.00,Beli
17,1,15,10000,15806,0,4.00,Beli
17,1,15,10000,2635,1,4.00,Terlalu_Mahal
17,3,15,65000,33449,0,4.00,Terlalu_Mahal
17,1,15,10000,447641,0,4.00,Beli
17,2,15,33000,216379,0,4.00,Beli
17,2,15,33000,18812,0,4.00,Terlalu_Mahal
17,1,15,10000,41787,1,4.00,Beli
17,1,15,10000,46658,0,4.00,Beli
17,3,15,65000,33449,0,4.00,Terlalu_Mahal
17,2,15,33000,18812,0,4.00,Terlalu_Mahal
17,1,15,10000,242458,0,4.00,Beli
17,3,15,65000,70958,0,4.00,Beli
17,2,15,33000,63120,0,4.00,Beli
17,3,15,65000,33449,0,4.00,Terlalu_Mahal
17,1,15,10000,210160,0,4.00,Beli
17,2,15,33000,38262,1,4.00,Beli
17,1,15,10000,31787,0,4.00,Beli
17,1,15,10000,38401,1,4.01,Beli
17,1,15,10000,244215,1,4.01,Beli
17,2,15,33000,340957,0,4.01,Beli
17,1,15,10000,200160,0,4.01,Beli
17,1,15,10000,33020,2,4.01,Beli
17,2,15,33000,48627,1,4.00,Beli
17,1,15,10000,28401,1,4.00,Beli
17,1,15,10000,23020,0,4.00,Beli
17,1,15,10000,234215,0,4.00,Beli
18,2,15,33000,31923,1,4.02,Terlalu_Mahal
18,1,15,10000,70873,0,4.02,Beli
18,1,15,10000,34580,0,4.02,Beli
18,2,15,33000,31923,0,4.02,Terlalu_Mahal
18,3,15,60000,56025,0,4.02,Terlalu_Mahal
18,1,15,10000,48969,0,4.02,Beli
18,1,15,10000,60873,0,4.02,Beli
18,1,15,10000,66440,1,4.02,Beli
18,2,15,33000,29663,0,4.02,Terlalu_Mahal
18,3,15,60000,56025,0,4.02,Terlalu_Mahal
18,1,15,10000,41893,1,4.02,Beli
18,2,15,33000,31923,0,4.02,Terlalu_Mahal
18,3,15,60000,56025,0,4.02,Terlalu_Mahal
18,1,15,10000,24580,0,4.02,Beli
18,1,15,10000,15834,2,4.02,Beli
18,2,15,33000,18954,0,4.02,Terlalu_Mahal
18,1,15,10000,38969,0,4.02,Beli
18,2,15,33000,40701,0,4.02,Beli
18,3,15,60000,56025,0,4.02,Terlalu_Mahal
18,2,15,33000,58574,0,4.02,Beli
18,1,15,10000,56440,0,4.02,Beli
18,2,15,33000,66451,1,4.02,Beli
18,3,15,60000,54519,0,4.02,Terlalu_Mahal
18,2,15,33000,29663,0,4.02,Terlalu_Mahal
18,1,15,10000,31893,1,4.02,Beli
18,2,15,33000,7701,0,4.02,Terlalu_Mahal
18,2,15,33000,53290,0,4.02,Beli
18,1,15,10000,66882,0,4.02,Beli
18,3,15,60000,54519,0,4.02,Terlalu_Mahal
18,2,15,33000,22186,1,4.02,Terlalu_Mahal
18,1,15,10000,5834,0,4.02,Terlalu_Mahal
18,2,15,33000,33451,0,4.02,Beli
18,1,15,10000,61995,0,4.02,Beli
18,2,15,33000,25574,0,4.02,Terlalu_Mahal
18,2,15,33000,22186,1,4.02,Terlalu_Mahal
18,3,15,60000,44086,0,4.02,Terlalu_Mahal
18,1,15,10000,5834,0,4.01,Terlalu_Mahal
18,1,15,10000,44441,0,4.01,Beli
18,2,15,33000,20290,0,4.01,Terlalu_Mahal
18,2,15,33000,22186,0,4.01,Terlalu_Mahal
18,1,15,10000,56882,0,4.01,Beli
18,2,15,33000,57719,0,4.01,Beli
18,3,15,60000,44086,0,4.01,Terlalu_Mahal
18,2,15,33000,73841,0,4.01,Beli
18,2,15,33000,20290,0,4.01,Terlalu_Mahal
18,1,15,10000,34441,0,4.01,Beli
18,3,15,60000,44086,0,4.00,Terlalu_Mahal
18,1,15,10000,237303,0,4.00,Beli
18,1,15,10000,28356,0,4.00,Beli
18,2,15,33000,28914,0,4.00,Terlalu_Mahal
18,1,15,10000,36700,1,4.00,Beli
18,2,15,33000,20290,0,4.00,Terlalu_Mahal
18,1,15,10000,321359,1,4.00,Beli
18,3,15,60000,44086,0,4.00,Terlalu_Mahal
18,2,15,33000,40841,0,4.00,Beli
18,1,16,10000,22027,0,4.00,Beli
18,1,16,10000,57914,1,4.00,Beli
18,2,16,33000,24719,0,4.00,Terlalu_Mahal
18,1,16,10000,24441,0,4.01,Beli
18,1,16,10000,18356,0,4.01,Beli
18,2,16,33000,53715,0,4.01,Beli
18,1,16,10000,227303,0,4.01,Beli
18,2,16,33000,28914,0,4.00,Terlalu_Mahal
18,1,16,10000,59254,0,4.00,Beli
18,1,16,10000,311359,1,4.00,Beli
18,2,16,33000,53895,1,4.00,Beli
18,2,16,33000,340123,1,4.00,Beli
18,2,16,33000,60456,0,4.00,Beli
18,1,16,10000,58441,1,4.00,Beli
18,1,16,10000,46497,0,4.00,Beli
18,2,16,33000,20715,1,4.00,Terlalu_Mahal
18,1,16,10000,12027,0,4.00,Beli
18,1,16,10000,8356,1,4.00,Terlalu_Mahal
18,1,16,10000,60153,0,4.00,Beli
18,1,16,10000,48441,1,4.00,Beli
18,1,16,10000,38824,2,3.99,Beli
18,1,16,10000,47914,0,4.00,Beli
18,1,16,10000,67387,0,4.00,Beli
18,2,16,33000,307123,0,4.00,Beli
18,2,16,33000,20895,0,4.00,Terlalu_Mahal
18,1,16,10000,36497,0,3.99,Beli
18,1,16,10000,57387,1,3.99,Beli
19,1,16,10000,17998,0,4.02,Beli
19,1,16,10000,28664,1,4.02,Beli
19,1,16,10000,67880,2,4.02,Beli
19,1,16,10000,7998,0,4.02,Terlalu_Mahal
19,2,16,33000,59047,0,4.02,Beli
19,1,16,10000,40747,0,4.02,Beli
19,1,16,10000,18664,1,4.02,Beli
19,2,16,33000,47902,1,4.02,Beli
19,1,16,10000,16921,1,4.02,Beli
19,1,16,10000,30747,0,4.02,Beli
19,1,16,10000,70121,0,4.02,Beli
19,2,16,33000,52835,0,4.02,Beli
19,2,16,33000,14902,0,4.02,Terlalu_Mahal
19,1,16,10000,73898,1,4.02,Beli
19,2,16,33000,35466,0,4.02,Beli
19,1,16,10000,60121,0,4.02,Beli
19,1,16,10000,6921,0,4.02,Terlalu_Mahal
19,2,16,33000,14902,0,4.02,Terlalu_Mahal
19,1,16,10000,159788,1,4.02,Beli
19,2,16,33000,51239,0,4.02,Beli
19,1,16,10000,122966,2,4.02,Beli
19,2,16,33000,74574,0,4.02,Beli
19,1,16,10000,63898,2,4.02,Beli
19,1,16,10000,22534,2,4.02,Beli
19,3,16,60000,16578,0,4.02,Terlalu_Mahal
19,2,16,33000,59088,0,4.02,Beli
19,1,16,10000,68111,0,4.02,Beli
19,2,16,33000,392734,1,4.02,Beli
19,2,16,33000,18104,0,4.02,Terlalu_Mahal
19,1,16,10000,44971,1,4.02,Beli
19,1,16,10000,149788,0,4.02,Beli
19,1,16,10000,23987,2,4.02,Beli
19,1,16,10000,53270,2,4.02,Beli
19,2,16,33000,2466,0,4.02,Terlalu_Mahal
19,2,16,33000,18104,1,4.02,Terlalu_Mahal
19,1,16,10000,58111,1,4.02,Beli
19,3,16,60000,16578,0,4.02,Terlalu_Mahal
19,1,16,10000,56819,2,4.02,Beli
19,2,16,33000,18104,0,4.02,Terlalu_Mahal
19,2,16,33000,26141,0,4.02,Terlalu_Mahal
19,3,16,60000,16578,0,4.02,Terlalu_Mahal
19,1,16,10000,34971,1,4.02,Beli
19,1,16,10000,58791,3,4.02,Beli
19,1,16,10000,112966,0,4.02,Beli
19,2,16,33000,39308,0,4.02,Beli
19,2,16,33000,26141,0,4.02,Terlalu_Mahal
19,2,16,33000,18104,0,4.02,Terlalu_Mahal
19,1,16,10000,13987,1,4.02,Beli
19,1,16,10000,38972,2,4.03,Beli
19,2,16,33000,57495,1,4.03,Beli
19,2,16,33000,26141,0,4.03,Terlalu_Mahal
19,2,16,33000,312159,1,4.03,Beli
19,1,16,10000,43270,1,4.03,Beli
19,3,16,60000,21648,0,4.03,Terlalu_Mahal
19,1,16,10000,12534,0,4.03,Beli
19,2,16,33000,26141,0,4.03,Terlalu_Mahal
19,1,16,10000,46819,1,4.03,Beli
19,2,16,33000,62943,0,4.03,Beli
19,3,16,60000,21648,0,4.03,Terlalu_Mahal
19,2,16,33000,24495,1,4.03,Terlalu_Mahal
19,1,16,10000,3987,0,4.03,Terlalu_Mahal
19,1,16,10000,33270,0,4.03,Beli
19,1,16,10000,73528,1,4.03,Beli
19,2,16,33000,279159,0,4.03,Beli
19,1,16,10000,25597,1,4.03,Beli
19,2,16,33000,21554,0,4.03,Terlalu_Mahal
19,2,16,33000,6308,0,4.03,Terlalu_Mahal
19,1,16,10000,28972,0,4.03,Beli
19,1,16,10000,48791,0,4.03,Beli
19,1,16,10000,32028,1,4.02,Beli
19,2,16,33000,21554,0,4.02,Terlalu_Mahal
19,2,16,33000,27124,0,4.03,Terlalu_Mahal
19,1,16,10000,63528,0,4.03,Beli
19,2,16,33000,29943,0,4.03,Terlalu_Mahal
19,2,16,33000,27124,0,4.03,Terlalu_Mahal
19,1,16,10000,18972,0,4.03,Beli
19,1,16,10000,15597,1,4.02,Beli
19,1,16,10000,22028,0,4.02,Beli
19,2,16,33000,27124,0,4.02,Terlalu_Mahal
20,1,16,10000,39244,0,4.01,Beli
20,2,16,33000,53712,0,4.01,Beli
20,1,16,10000,330996,0,4.01,Beli
20,1,16,10000,25783,1,4.01,Beli
20,3,16,60000,74486,0,4.01,Beli
20,2,16,33000,44938,0,4.01,Beli
20,1,16,10000,74335,0,4.01,Beli
20,1,16,10000,70626,1,4.01,Beli
20,2,16,33000,16894,0,4.01,Terlalu_Mahal
20,2,16,33000,72997,0,4.01,Beli
20,1,16,10000,29244,0,4.01,Beli
20,3,16,60000,43670,0,4.01,Terlalu_Mahal
20,1,16,10000,15783,0,4.01,Beli
20,1,16,10000,23938,1,4.01,Beli
20,2,16,33000,11938,0,4.01,Terlalu_Mahal
20,3,16,60000,14486,0,4.01,Terlalu_Mahal
20,2,16,33000,16894,0,4.01,Terlalu_Mahal
20,1,16,10000,64335,0,4.01,Beli
20,2,16,33000,11938,0,4.01,Terlalu_Mahal
20,3,16,60000,43670,0,4.01,Terlalu_Mahal
20,3,16,60000,57203,0,4.01,Terlalu_Mahal
20,3,16,60000,14486,0,4.01,Terlalu_Mahal
20,1,16,10000,50541,1,4.01,Beli
20,1,16,10000,60626,1,4.01,Beli
20,2,16,33000,198653,0,4.01,Beli
20,2,16,33000,11938,0,4.01,Terlalu_Mahal
20,3,16,60000,57203,0,4.01,Terlalu_Mahal
20,1,16,10000,13938,0,4.01,Beli
20,3,16,60000,64189,0,4.01,Beli
20,2,16,33000,44720,0,4.01,Beli
20,3,16,60000,43670,0,4.01,Terlalu_Mahal
20,3,16,60000,57203,0,4.01,Terlalu_Mahal
20,2,16,33000,165653,0,4.01,Beli
20,1,16,10000,40541,0,4.01,Beli
20,3,16,60000,57203,0,4.01,Terlalu_Mahal
20,2,16,33000,70289,0,4.01,Beli
20,1,16,10000,54335,0,4.01,Beli
20,3,16,60000,69006,0,4.01,Beli
20,3,16,60000,319996,0,4.01,Beli
20,3,16,60000,4189,1,4.01,Terlalu_Mahal
20,1,16,10000,42194,0,4.01,Beli
20,2,16,33000,37289,0,4.01,Beli
20,1,16,10000,74167,0,4.01,Beli
20,3,16,60000,9006,0,4.01,Terlalu_Mahal
20,1,16,10000,178411,1,4.01,Beli
20,3,16,60000,4189,0,4.01,Terlalu_Mahal
20,2,16,33000,357982,0,4.01,Beli
20,1,17,10000,59137,1,4.01,Beli
20,1,17,10000,20944,0,4.01,Beli
20,2,17,33000,70258,0,4.01,Beli
20,2,17,33000,54681,0,4.01,Beli
20,1,17,10000,64167,0,4.01,Beli
20,1,17,10000,168411,0,4.01,Beli
20,2,17,33000,47637,0,4.00,Beli
20,1,17,10000,49137,1,4.00,Beli
20,2,17,33000,21681,0,4.00,Terlalu_Mahal
20,2,17,33000,37258,0,4.00,Beli
20,3,17,60000,53755,0,4.00,Terlalu_Mahal
20,1,17,10000,133589,0,4.01,Beli
20,3,17,60000,315717,0,4.01,Beli
20,1,17,10000,38702,0,4.01,Beli
20,2,17,33000,70271,0,4.01,Beli
20,2,17,33000,14637,0,4.01,Terlalu_Mahal
20,2,17,33000,21681,0,4.01,Terlalu_Mahal
20,3,17,60000,54368,0,4.01,Terlalu_Mahal
20,3,17,60000,53755,0,4.01,Terlalu_Mahal
20,3,17,60000,54368,0,4.01,Terlalu_Mahal
20,3,17,60000,255717,0,4.01,Beli
20,3,17,60000,70536,0,4.01,Beli
20,3,17,60000,54368,1,4.01,Terlalu_Mahal
20,2,17,33000,37271,0,4.02,Beli
20,3,17,60000,10536,0,4.02,Terlalu_Mahal
21,1,17,10000,21047,0,4.01,Beli
21,1,17,10000,52033,1,4.01,Beli
21,1,17,10000,73235,1,4.01,Beli
21,2,17,35000,236591,0,4.01,Beli
21,2,17,35000,67711,0,4.01,Beli
21,1,17,10000,61568,1,4.01,Beli
21,1,17,10000,15639,0,4.01,Beli
21,1,17,10000,270845,1,4.01,Beli
21,1,17,10000,11047,0,4.01,Beli
21,1,17,10000,63235,1,4.01,Beli
21,2,17,35000,67250,0,4.01,Beli
21,1,17,10000,32419,1,4.01,Beli
21,2,17,35000,56620,0,4.01,Beli
21,1,17,10000,51568,1,4.01,Beli
21,2,17,35000,32711,0,4.01,Terlalu_Mahal
21,2,17,35000,259103,1,4.01,Beli
21,1,17,10000,5639,0,4.01,Terlalu_Mahal
21,1,17,10000,48707,1,4.01,Beli
21,1,17,10000,23303,0,4.01,Beli
21,1,17,10000,56404,1,4.01,Beli
21,2,17,35000,32711,0,4.01,Terlalu_Mahal
21,1,17,10000,184683,1,4.01,Beli
21,1,17,10000,260845,0,4.01,Beli
21,1,17,10000,53200,1,4.01,Beli
21,1,17,10000,352391,1,4.01,Beli
21,3,17,60000,24181,0,4.01,Terlalu_Mahal
21,1,17,10000,174683,1,4.01,Beli
21,3,17,60000,24181,0,4.01,Terlalu_Mahal
21,2,17,35000,22698,0,4.01,Terlalu_Mahal
21,2,17,35000,218761,0,4.01,Beli
21,1,17,10000,13303,0,4.01,Beli
21,1,17,10000,43200,0,4.01,Beli
21,2,17,35000,28790,1,4.01,Terlalu_Mahal
21,2,17,35000,22698,0,4.01,Terlalu_Mahal
21,3,17,60000,166780,0,4.01,Beli
21,2,17,35000,22698,0,4.02,Terlalu_Mahal
21,1,17,10000,33023,0,4.02,Beli
21,2,17,35000,62052,0,4.02,Beli
21,2,17,35000,34356,0,4.02,Terlalu_Mahal
21,2,17,35000,183761,1,4.02,Beli
21,2,17,35000,28790,0,4.02,Terlalu_Mahal
21,3,17,60000,150453,0,4.02,Beli
21,2,17,35000,22698,0,4.02,Terlalu_Mahal
21,1,17,10000,34658,0,4.02,Beli
21,2,17,35000,34356,1,4.02,Terlalu_Mahal
21,2,17,35000,16734,0,4.02,Terlalu_Mahal
21,1,17,10000,475232,1,4.02,Beli
21,2,17,35000,67665,0,4.02,Beli
21,1,17,10000,342391,0,4.02,Beli
21,1,17,10000,34501,2,4.02,Beli
21,2,17,35000,34356,0,4.02,Terlalu_Mahal
21,1,17,10000,24658,0,4.02,Beli
21,2,17,35000,16734,0,4.02,Terlalu_Mahal
1,1,1,6500,10817,0,0.00,Beli
1,1,1,6500,19194,0,1.67,Beli
1,1,1,6500,22841,1,1.67,Beli
1,1,1,6500,12635,0,1.25,Beli
1,1,1,6500,20972,0,2.00,Beli
1,1,1,6500,23765,1,2.50,Beli
1,1,1,6500,16184,1,2.14,Beli
1,1,1,6500,16789,1,2.50,Beli
1,1,1,6500,10837,2,2.50,Beli
1,1,2,6500,20579,1,3.00,Beli
1,1,2,6500,16793,2,3.00,Beli
1,1,2,6500,14138,2,3.18,Beli
1,1,2,6500,20033,2,3.33,Beli
1,1,2,6500,20283,3,3.08,Beli
1,1,2,6500,12327,3,3.21,Beli
